{
  "methodology": {
    "features": [
      "age",
      "situation_familiale",
      "nombre_personnes_charge",
      "niveau_etude",
      "type_logement",
      "statut_professionnel",
      "type_contrat",
      "anciennete_emploi_mois",
      "revenu_mensuel",
      "charges_mensuelles",
      "type_credit",
      "montant_credit",
      "duree_mois",
      "apport_personnel",
      "credits_en_cours",
      "solde_moyen_compte",
      "anciennete_bancaire_mois",
      "taux_interet"
    ],
    "n_fit": 11200,
    "n_calibration": 2400,
    "n_threshold_validation": 2400,
    "n_test": 4000,
    "calibration_method": "sigmoid (Platt scaling)",
    "threshold_selection": "maximum F1 on a separate validation period",
    "test_usage": "metrics only; no calibration or threshold fitting"
  },
  "best_model_by_roc_auc": "lightgbm",
  "results": [
    {
      "threshold": 0.4062191433846539,
      "accuracy": 0.8505,
      "precision": 0.8076514346439958,
      "recall": 0.8656036446469249,
      "f1": 0.8356239692138537,
      "roc_auc": 0.9221648770297103,
      "gini": 0.8443297540594206,
      "ks": 0.7071055591422737,
      "pr_auc": 0.9130133505214152,
      "brier_score": 0.10741083103748213,
      "ece": 0.01897362382596743,
      "tn": 1882,
      "fp": 362,
      "fn": 236,
      "tp": 1520,
      "model": "lightgbm",
      "display_name": "LightGBM",
      "calibration_method": "sigmoid",
      "threshold_criterion": "maximum F1 on threshold-validation set",
      "validation_f1_at_selected_threshold": 0.8400357462019661
    },
    {
      "threshold": 0.4004772176117735,
      "accuracy": 0.8305,
      "precision": 0.7781217750257998,
      "recall": 0.8587699316628702,
      "f1": 0.8164591229020033,
      "roc_auc": 0.9094687833717046,
      "gini": 0.8189375667434091,
      "ks": 0.6720721214557474,
      "pr_auc": 0.8978526856105047,
      "brier_score": 0.11824083889083897,
      "ece": 0.017086809253834784,
      "tn": 1814,
      "fp": 430,
      "fn": 248,
      "tp": 1508,
      "model": "random_forest",
      "display_name": "Random Forest",
      "calibration_method": "sigmoid",
      "threshold_criterion": "maximum F1 on threshold-validation set",
      "validation_f1_at_selected_threshold": 0.8295706064630367
    },
    {
      "threshold": 0.43240727898464826,
      "accuracy": 0.8205,
      "precision": 0.7808441558441559,
      "recall": 0.821753986332574,
      "f1": 0.8007769145394007,
      "roc_auc": 0.9048888658797541,
      "gini": 0.8097777317595083,
      "ks": 0.6441424157155096,
      "pr_auc": 0.8924915023899966,
      "brier_score": 0.12350393735934595,
      "ece": 0.04000921911310825,
      "tn": 1839,
      "fp": 405,
      "fn": 313,
      "tp": 1443,
      "model": "decision_tree",
      "display_name": "Decision Tree",
      "calibration_method": "sigmoid",
      "threshold_criterion": "maximum F1 on threshold-validation set",
      "validation_f1_at_selected_threshold": 0.8174069089277702
    },
    {
      "threshold": 0.45495785014176915,
      "accuracy": 0.82875,
      "precision": 0.7905588714053174,
      "recall": 0.8297266514806378,
      "f1": 0.8096693525979439,
      "roc_auc": 0.9009058324095843,
      "gini": 0.8018116648191687,
      "ks": 0.6614246444073592,
      "pr_auc": 0.8941498520227096,
      "brier_score": 0.12373341323858228,
      "ece": 0.04855171995221031,
      "tn": 1858,
      "fp": 386,
      "fn": 299,
      "tp": 1457,
      "model": "logistic_regression",
      "display_name": "Logistic Regression",
      "calibration_method": "sigmoid",
      "threshold_criterion": "maximum F1 on threshold-validation set",
      "validation_f1_at_selected_threshold": 0.8247706422018348
    },
    {
      "threshold": 0.4013597369194031,
      "accuracy": 0.8135,
      "precision": 0.7587090163934426,
      "recall": 0.8433940774487472,
      "f1": 0.7988133764832794,
      "roc_auc": 0.8939737807527235,
      "gini": 0.787947561505447,
      "ks": 0.6349871487215719,
      "pr_auc": 0.8757950644203387,
      "brier_score": 0.13037354524058156,
      "ece": 0.03335088205663486,
      "tn": 1773,
      "fp": 471,
      "fn": 275,
      "tp": 1481,
      "model": "xgboost",
      "display_name": "XGBoost",
      "calibration_method": "sigmoid",
      "threshold_criterion": "maximum F1 on threshold-validation set",
      "validation_f1_at_selected_threshold": 0.8026548672566372
    }
  ]
}