{
  "accuracy": 0.95775,
  "precision": 0.9670394349617422,
  "recall": 0.9356492027334852,
  "f1": 0.9510853835021708,
  "roc_auc": 0.9939979149663594,
  "gini": 0.9879958299327187,
  "ks": 0.9169590180242734
}