accuracy,precision,recall,f1,roc_auc,gini,ks,model,best_params
0.95775,0.9670394349617422,0.9356492027334852,0.9510853835021708,0.9939979149663594,0.9879958299327187,0.9169590180242734,ann,"{'model__alpha': 0.01, 'model__learning_rate_init': 0.001, 'select__k': 'all'}"
0.955,0.9533947065592635,0.943621867881549,0.9484831139095592,0.9915974362410113,0.9831948724820225,0.9090360932113578,svm,"{'model__estimator__C': 0.1, 'select__k': 'all'}"
0.9365,0.9518652226233454,0.9009111617312073,0.9256875365710943,0.9871021534519793,0.9742043069039585,0.8818271147763309,lightgbm,"{'model__colsample_bytree': 0.75, 'model__learning_rate': 0.03, 'model__max_depth': 4, 'model__min_child_samples': 40, 'model__n_estimators': 80, 'model__num_leaves': 15, 'model__reg_lambda': 25.0, 'model__subsample': 0.75, 'select__k': 'all'}"
0.941,0.9428904428904429,0.9214123006833713,0.9320276497695853,0.983076612297435,0.9661532245948701,0.8782853998919924,decision_tree,"{'model__max_depth': 7, 'model__min_samples_leaf': 35, 'model__min_samples_split': 80, 'select__k': 'all'}"
0.91025,0.935202492211838,0.8547835990888383,0.8931865516215413,0.9754470539510068,0.9508941079020137,0.829709394629668,xgboost,"{'model__colsample_bytree': 0.65, 'model__gamma': 2.0, 'model__learning_rate': 0.025, 'model__max_depth': 2, 'model__min_child_weight': 20, 'model__n_estimators': 70, 'model__reg_lambda': 30.0, 'model__subsample': 0.65, 'select__k': 'all'}"
0.9145,0.9305724725943971,0.8701594533029613,0.8993525603296056,0.9734759662821435,0.946951932564287,0.8266376751570372,random_forest,"{'model__max_depth': 7, 'model__min_samples_leaf': 15, 'model__n_estimators': 120, 'select__k': 'all'}"
0.78425,0.7443897099069513,0.7744874715261959,0.7591403851521071,0.8592376430795967,0.7184752861591934,0.5756296720386228,logistic_regression,"{'model__C': 0.05, 'model__penalty': 'l2', 'model__solver': 'lbfgs', 'select__k': 8}"
