{
  "source": "predict_proba du modele XGBoost recalibre par sigmoid sur validation separee sur le jeu de test",
  "dataset_is_synthetic": true,
  "n_test": 4000,
  "positive_rate": 0.439,
  "roc_auc": 0.8939737807527235,
  "gini": 0.787947561505447,
  "ks": 0.6349871487215719,
  "ks_threshold": 0.3908993601799011,
  "pr_auc": 0.8757950644203387,
  "configured_threshold": 0.4013597369194031,
  "metrics_at_selected_threshold": {
    "accuracy": 0.8135,
    "precision": 0.7587090163934426,
    "recall": 0.8433940774487472,
    "f1": 0.7988133764832794,
    "specificity": 0.7901069518716578,
    "approval_rate": 0.512
  },
  "metrics_at_0_5": {
    "accuracy": 0.81275,
    "precision": 0.7967000589275192,
    "recall": 0.7699316628701595,
    "f1": 0.7830871705763105,
    "specificity": 0.8462566844919787,
    "approval_rate": 0.57575
  },
  "calibration": {
    "brier_score": 0.13037354524058156,
    "ece": 0.03335088205663486,
    "n_bins": 10
  },
  "confusion_matrix_at_selected_threshold": {
    "tn": 1773,
    "fp": 471,
    "fn": 275,
    "tp": 1481
  }
}