statut_professionnel,n,actual_risk_rate,predicted_risky_rate,avg_pd
Retraité,183,0.6721311475409836,0.644808743169399,0.6250602006912231
Fonctionnaire,957,0.4284221525600836,0.47962382445141066,0.5032362341880798
Salarié,2254,0.4356699201419698,0.3966282165039929,0.4494912624359131
Indépendant,606,0.3976897689768977,0.2854785478547855,0.37236765027046204
