sexe,n,actual_risk_rate,predicted_risky_rate,avg_pd
Homme,1982,0.45055499495459134,0.4248234106962664,0.46725913882255554
Femme,2018,0.4276511397423191,0.39742319127849357,0.45028916001319885
