age_bin,n,actual_risk_rate,predicted_risky_rate,avg_pd
36-45,902,0.4523281596452328,0.43237250554323725,0.47153782844543457
18-25,374,0.4304812834224599,0.4144385026737968,0.45521000027656555
46-55,801,0.4419475655430712,0.4107365792759051,0.4632906913757324
26-35,820,0.4402439024390244,0.40487804878048783,0.4535714089870453
56-70,1103,0.42792384406165007,0.3970988213961922,0.4498559534549713
