type_credit,n,actual_risk_rate,predicted_risky_rate,avg_pd
Immobilier,980,0.6336734693877552,0.6459183673469387,0.6280090808868408
Auto,1301,0.398923904688701,0.388162951575711,0.4418344795703888
Personnel,1719,0.358347876672484,0.29435718440954045,0.37493637204170227
