type_contrat,n,actual_risk_rate,predicted_risky_rate,avg_pd
Fonction publique,957,0.4284221525600836,0.47962382445141066,0.5032362341880798
CDD,473,0.5095137420718816,0.4186046511627907,0.4638686776161194
CDI,1619,0.4095120444718962,0.39283508338480544,0.4458804726600647
Contrat temporaire,162,0.48148148148148145,0.37037037037037035,0.4435980021953583
Sans contrat,789,0.46134347275031684,0.3688212927756654,0.430976927280426
