type_credit,n,predicted_risky_rate,avg_pd
Immobilier,980,0.6459183673469387,0.6280091
Auto,1301,0.388162951575711,0.44183448
Personnel,1719,0.29435718440954045,0.37493637
